Apellido,Nombre
Olson,Catherine
Nash,Natasha
Johnson,William
Jacobs,Sara
English,Jeffrey
Wagner,Brittany
Sutton,Jillian
Barnes,Joann
Sanders,William
Garcia,Wesley
Hill,Karen
Holmes,Kaitlyn
Brown,Nathaniel
Brown,Elizabeth
Bailey,Stephanie
Howard,Ruben
Graham,Jonathan
Richardson,Stephanie
Monroe,John
Salazar,Cesar
Gonzalez,Chad
Garrett,Melissa
Kennedy,Melissa
Beltran,Kathleen
Schneider,Kim
Jones,Rachael
Pittman,Brittany
Anderson,William
Campbell,Kenneth
Torres,John
Hernandez,Christina
Graham,Ronald
Charles,Rachael
Mcdonald,Victoria
Edwards,Michelle
Garrett,Jerry
Davidson,Julia
Ortiz,John
Kelley,Juan
Williams,Lauren
Hernandez,Alyssa
Vargas,Paul
Adams,Samantha
Jordan,Julie
Garza,Craig
Mcdowell,Matthew
Duffy,William
Yang,John
Gates,Whitney
Phillips,Felicia
Campbell,David
Smith,Melissa
Schultz,Aaron
Ortega,Adam
Pitts,David
Anderson,Gerald
Wilson,Megan
Johnson,Douglas
Mason,Gerald
Davis,Teresa
Taylor,Jack
Wise,Ryan
Moore,Ronnie
Wheeler,Jacqueline
Marshall,Christopher
Contreras,Kenneth
Ellison,Philip
Fischer,William
Nguyen,Melissa
Carter,Troy
Randolph,Tamara
Martin,Jennifer
Lopez,Kelsey
Wilson,Kevin
Wade,Yvette
Lewis,Johnny
Murphy,Lisa
Bullock,Jesus
Martinez,Mike
Watson,Paul
Johnson,Julie
Brown,Taylor
Ramos,Thomas
Abbott,Lisa
Edwards,Aaron
Watson,Timothy
Costa,Christina
Rodriguez,Rachel
Cruz,Laura
Thompson,Brenda
Blevins,Colleen
Roth,Michael
Harvey,Amanda
Mitchell,Tammy
Mendoza,Michael
Jones,Anthony
Howell,Charles
Wright,Ryan
Lynch,Nathan
Navarro,Brooke
Reynolds,Craig
Dodson,Mary
Schneider,Joy
Young,Scott
Moreno,James
Collier,Kimberly
Holmes,Penny
Gibson,Jacob
Alexander,Mary
Carpenter,Tara
Huang,Kerry
Clark,Scott
Park,Joshua
Woods,Amber
Hall,Jeffrey
Harris,Richard
Johnson,Jonathan
Kennedy,Charles
Macdonald,Lisa
Hernandez,Tara
Morris,John
Mcgrath,Candice
Jackson,Michael
Hall,Alex
Reilly,Cheryl
Gilbert,Stacy
Roberts,Jennifer
Fleming,Victor
Leon,Rachel
Watkins,Karen
Carson,Jennifer
Massey,Richard
Mclaughlin,Vincent
Parker,Justin
Peters,Todd
Fox,Richard
Marquez,Robert
Friedman,Erik
Webster,Michael
Russo,Ryan
White,Stephanie
Peck,Robin
Stephens,Dawn
White,Dennis
Ray,Mary
Jones,Brandon
Montgomery,Eric
Parker,Kimberly
Mcdonald,Jasmine
Everett,Scott
Scott,Sarah
Marshall,Sean
Allen,Rebecca
Phillips,Zachary
Johnson,Donna
Hart,Tina
Wilson,Jeremy
Martin,Amanda
Walsh,Chelsea
Ware,Henry
Moore,Sean
Lucero,Shane
Jackson,Timothy
Mcpherson,Debra
Peters,Melissa
Price,Michael
Hardy,Kimberly
Davis,Garrett
Leon,Larry
Strickland,Jeremy
Baker,James
Chen,Rebecca
Garza,Thomas
King,Eileen
Martin,Corey
Benson,William
Gamble,Amanda
Decker,Michael
Carrillo,Jonathan
Grant,Ashlee
Davidson,Ashley
Cline,Jason
Davidson,William
Rodgers,Marcus
Jenkins,Kimberly
Anderson,Ashley
Bates,Daniel
Sherman,Karina
Williams,Robert
Moss,Jessica
Robinson,Thomas
Green,Danielle
Landry,Matthew
Snyder,Christopher
Stafford,Amy
Robinson,Adam
Kim,Laura
Romero,Diane
Carter,Deanna
Tran,Catherine
Baxter,Nicholas
Wilson,Heather
Crosby,Robert
Greene,Edward
Williams,Ryan
Calhoun,Pamela
Davila,Christy
Stephenson,James
Goodwin,Adam
Porter,Michael
Lawrence,Eric
Jones,Jacob
Knox,Heather
Morales,Mandy
Kaiser,Robert
Watson,Alexandra
Ramos,Christopher
Bryant,Jane
Wright,Sara
Carney,Michael
Young,Brittany
Reyes,Melinda
Quinn,Carrie
Alvarado,Scott
Hoover,Jose
Smith,Cody
Chapman,Ann
Cardenas,Steven
Smith,Todd
Morris,Nicole
Carroll,David
Bowman,Amber
Pierce,Eric
Pierce,Jessica
Spencer,Joseph
Boyle,Henry
Giles,Charles
Martin,James
Tanner,Daniel
Riggs,Christopher
Carroll,Terri
Green,Melissa
Bell,Bradley
Romero,Rebecca
Wilson,Tina
Hoover,Melanie
Lewis,Christopher
Burke,Samantha
Adams,Joseph
Aguilar,Dale
Anderson,William
Rice,Amanda
Diaz,Michael
Howard,Samantha
Mccall,Jennifer
Miller,Julie
Reyes,Jared
Jones,Matthew
Gamble,Sarah
Stewart,Erik
Ryan,Jonathan
Cole,Craig
Lyons,Andrea
Winters,Kristine
Chambers,Carly
Hanson,Calvin
Beck,Heather
Nelson,Michael
Cook,Alexandra
Lozano,Joshua
Hess,Christine
Taylor,Natasha
Lynch,Brenda
Mcmahon,Brittany
Frazier,Kyle
Brown,Melissa
Brooks,Jennifer
Fisher,Mary
Brown,Kathleen
Evans,Brian
Patterson,Kevin
Thompson,Carlos
Lawrence,Joseph
Lester,Yvette
Campbell,Linda
Salas,Alan
Reynolds,Matthew
Leon,Alexander
Clark,Laura
Bray,Jonathan
Morrow,Lucas
Jones,Christina
Guzman,Robert
Young,Jessica
Jimenez,Laura
Booker,Thomas
Hughes,Jennifer
Jenkins,Marcus
Berger,Michael
Day,Jodi
Adams,Tyler
Kelly,Brian
Torres,Elizabeth
Miller,Raymond
Doyle,Joshua
Irwin,Dennis
Hunter,Andrew
Brown,David
Garrett,Katherine
Garcia,Bruce
Wilson,Charles
Lamb,Ashley
Jackson,Joanna
Johnson,William
Bennett,Benjamin
Martinez,Gary
Powers,Michelle
Moss,Paul
Davenport,Karen
Booth,Kevin
Smith,James
Wilson,Nicole
Estrada,Donna
Lane,Michael
Rivera,Jessica
Miller,Mark
Ho,Austin
Wallace,Charles
Gross,Robert
Brown,Michael
Mendez,Joshua
Vincent,Haley
Porter,Tyrone
Howell,Gregory
Mccarty,Steven
Riggs,Sean
Chavez,Billy
Burke,John
Alvarez,Teresa
Williams,Noah
Cook,Thomas
Goodman,Lorraine
Martinez,Bryan
Meyer,Jessica
Lopez,Robert
Coleman,Anne
Williams,Tracey
Paul,Caitlin
Johnston,Autumn
Hernandez,Kathleen
Aguirre,Janet
Henderson,Stephanie
Hays,Melissa
Hansen,Evelyn
Jackson,Erika
Murillo,Amber
Smith,Anthony
Murphy,Joseph
Oliver,Sue
Harvey,Vincent
Carroll,Nicole
Reyes,Stephanie
Graham,James
Clark,Sean
George,Elizabeth
Rodriguez,Cheryl
Morris,Laura
Mcdowell,Shane
Perry,Angela
Becker,Ryan
Humphrey,Kenneth
Young,Peggy
Williams,Brittany
Gomez,Keith
Hill,Eric
Tate,Jennifer
Snyder,Dustin
Riley,Courtney
Garrett,Ricky
Kane,Karen
Durham,Jennifer
Craig,Stephanie
Brown,Amber
Morton,Meghan
Carr,Elijah
Jones,Bonnie
Freeman,Jennifer
Green,Darlene
Daniel,Jennifer
Wheeler,Ronald
Baker,Tammy
Lyons,Donald
Guzman,Jose
Esparza,Cynthia
Doyle,Amanda
Cochran,Robert
West,David
Oliver,Elizabeth
Simpson,Cheryl
Benjamin,Thomas
Barnes,Kimberly
Aguilar,Monique
Lee,Heidi
Reed,Joseph
Johnson,Elizabeth
Craig,Charles
Bauer,Mark
Watkins,Derek
Brooks,Vanessa
Barber,Heather
Richardson,Katherine
Norman,Gabriella
Bowen,Amber
Mccullough,Jennifer
Howell,Megan
Haynes,Lisa
Martin,Julie
Hawkins,Michelle
Ellison,Barbara
Willis,Sydney
Kerr,Nicholas
Powell,John
Klein,Christine
Sanchez,David
Patterson,Matthew
Mills,Jack
Campbell,Pamela
Pineda,Kevin
Merritt,William
Charles,Morgan
Snyder,Vernon
Frazier,Brett
Chase,Zachary
Guerra,Tina
Edwards,Jacqueline
Rhodes,Travis
Dodson,Gina
Sims,Wendy
Vargas,Megan
Patterson,Matthew
Thompson,Gary
Davis,Jesus
Nicholson,Clayton
Nguyen,Joseph
Thomas,Larry
Austin,Joshua
Lopez,Raymond
May,Theresa
Smith,James
Huynh,Deborah
Long,William
Jones,Lucas
Taylor,Gary
Randolph,Robert
Goodman,Christina
Pugh,Christopher
Jackson,Leah
Cooper,Nicole
Compton,Leslie
Robles,George
Thomas,Carol
Martin,James
Scott,Zachary
Peterson,John
Kent,Charles
Espinoza,Kevin
Moore,Kristy
Hunt,John
Ward,Jennifer
Jackson,Betty
Villa,Ian
Cox,Lance
Robbins,Jessica
Norman,Sarah
Smith,Jasmine
Perry,Michael
Vega,Eugene
Wall,Elizabeth
Powers,Beverly
Andrews,Alexander
Collins,Gordon
Arias,Brandon
Thomas,Linda
Wang,Samantha
Miller,Charlene
Ruiz,Justin
Smith,Christopher
Young,Cathy
Murphy,Elijah
Navarro,Michael
Sanders,Anne
Erickson,Sarah
Hicks,Stephanie
Holmes,Steven
Larson,Zachary
Martin,Meagan
Perkins,Shawn
Brewer,Karen
Williams,Joshua
Boyd,Adam
Shelton,Anthony
Moran,Nathan
Hall,Kevin
Neal,Joseph
Boyd,William
Palmer,Bradley
King,Allison
Phillips,Tabitha
Ray,Joshua
Aguilar,Deanna
Ward,Paige
Becker,Ryan
Baker,Mary
Fisher,Nathan
Anderson,Travis
Kramer,Jacob
Holmes,Rebecca
Nguyen,Jill
Roth,Kelly
Sandoval,Laura
Hardin,Kim
Murphy,Deanna
Perez,Miranda
Sellers,Anthony
Brown,Robert
Yang,Anthony
Dyer,Thomas
Wolfe,Christopher
Gentry,Christy
Bennett,Stephanie
Gomez,Thomas
Russo,Christy
Wilson,Michael
Cochran,Connie
Myers,Teresa
Stephens,Phillip
Lewis,Jodi
Sims,Melanie
Allen,John
Michael,Lisa
Gomez,Hailey
Wade,Steven
Osborne,Angela
Diaz,Jill
Vance,Susan
Bailey,Kristin
Brewer,Aaron
Tapia,Matthew
Patterson,Jonathan
Collins,Kyle
Hammond,Michael
Smith,Christine
Peters,Brandi
Clarke,James
Rodriguez,Xavier
Sweeney,Dennis
Brown,Becky
Marsh,Brandy
Lara,David
Garcia,Nathan
Taylor,Scott
Santiago,Adam
Taylor,Christian
Simon,Kelli
Perez,Steven
Copeland,Keith
Oliver,Kaitlyn
Rios,Beth
Miller,Jennifer
Hernandez,Joshua
White,Troy
Wilson,Warren
Pearson,Melinda
Jackson,Louis
Lester,Paul
King,Pamela
Gibbs,Ryan
Bartlett,Robert
Garcia,Nicole
Schultz,Joshua
Ford,Christina
Campbell,Tara
Hobbs,Douglas
Yang,Ethan
Cobb,Denise
Roberson,Dennis
Soto,Christopher
Rhodes,Debra
Roberts,Peter
Rubio,Rose
Gonzales,Donna
Webb,Tammy
Ramirez,Thomas
Taylor,Jasmine
Russell,Justin
Barnes,Joseph
Atkinson,Elijah
Coffey,Mary
Dunn,Crystal
Evans,Kathy
Bean,Theresa
Dominguez,Doris
Wolfe,Deanna
Lutz,Christopher
Adams,Kimberly
Gomez,Amy
Hodge,David
Miller,James
Barnes,Luke
Jones,Seth
Smith,Lisa
Moore,James
Mullen,Timothy
Stevenson,Elizabeth
Miller,Kyle
Flores,Stephanie
Rodriguez,Jennifer
Hodges,Donald
Stevens,Maria
Madden,James
Edwards,Kimberly
Morales,Carl
Jensen,Michelle
Dennis,Kimberly
Villarreal,Daniel
Simpson,Amanda
Burns,Matthew
Murphy,Ashley
Singleton,Tammy
Harris,Alicia
Hernandez,Charles
Miller,Miguel
Young,Alexandra
Sullivan,Laura
Lee,Mark
Conley,Jennifer
Wilkerson,Mary
Pacheco,Mark
Williams,Dennis
Rodriguez,Timothy
Reed,Nicholas
Alvarez,David
Hickman,Edward
Williams,Hannah
Yates,Diane
Sims,Daniel
Hill,Stacy
Finley,Paul
Phillips,Andrea
Mercer,Amber
Hoover,Shari
Johnson,Carol
Perez,Sara
Crawford,Susan
Morris,Anthony
Brown,Amanda
Smith,Megan
Li,Olivia
Alvarez,Melissa
Walker,Michael
Rosales,Ryan
Thomas,Julia
Newman,Bruce
Myers,Debra
Jefferson,Christine
Barrera,Daniel
Lowe,Samuel
Roberts,Natalie
Lawrence,Michael
Galloway,Julie
Salazar,Wesley
Delacruz,Zachary
Keller,Tracie
Williams,Robert
Moreno,Adam
Walker,Timothy
Boone,Michelle
Nunez,Patricia
Ramos,Dennis
Miller,Brian
Cunningham,Megan
Powers,Kenneth
Hernandez,Gregory
Palmer,Angela
Davis,Bryan
Brown,Christopher
Cline,Brandon
Bowers,Adam
Smith,Travis
Stein,Evan
Fields,Debra
Lozano,Haley
Long,Adrienne
Glover,Miguel
Jones,Nicholas
Weaver,Karla
Jenkins,Kelsey
Mcgee,Andrew
Edwards,Kelly
Moran,Jose
Owens,Maria
Perez,Heather
Pratt,Andrea
Diaz,Rebecca
Sanchez,Ariana
Rodriguez,Tara
Ellis,Sharon
Thompson,Todd
Powell,Jamie
Nichols,Sandra
Wheeler,Megan
Mack,Stephanie
Adams,Mary
Barajas,Amber
Gibson,Joshua
Flores,Eric
Nguyen,Joel
Villanueva,Gina
Wheeler,Philip
Dickerson,Rachel
Phillips,Tony
Rodriguez,Stephen
Hill,Teresa
Thompson,John
Rivera,Nicholas
Crawford,Mary
Jordan,Alice
Shelton,Tiffany
Peters,Jonathan
Terry,Kathryn
Alvarez,Travis
Gomez,Sarah
Beck,Suzanne
Perez,Susan
Mccall,Sara
Barajas,Julie
Oliver,Larry
Buchanan,William
Price,Melissa
Mcdonald,Joshua
Horton,Curtis
Mclaughlin,Barry
Reyes,Pamela
Williams,Madeline
Jackson,Christopher
Huerta,Sean
Yoder,Jeffrey
Beard,Jonathan
Wagner,Amy
Collins,Jennifer
Burns,Teresa
Johnson,Barry
James,Joseph
Walker,Glenda
Robertson,Christine
Miller,Jesse
Mckenzie,Michael
Hernandez,Melissa
Barnes,Bradley
Bailey,Daniel
Ramirez,Justin
Bradley,Christopher
Warren,Brittney
Reeves,Michael
Gomez,Natalie
Harrison,Kevin
Abbott,Carlos
Tate,Crystal
Gregory,Andrew
Hunt,Cathy
Harris,Aaron
Franco,Todd
Cross,Joshua
Steele,David
Chen,Sarah
Stewart,David
Williams,Cynthia
Brown,Ralph
Arroyo,Stanley
Johnston,Timothy
Cruz,Harold
Murphy,Erin
Johnson,Dale
Brown,Robert
Montgomery,Jonathan
Johnson,Brandon
Hull,David
Lambert,Drew
Barrett,Clifford
Jordan,Lauren
Lucas,Robert
Henry,Timothy
Rush,Justin
Madden,Jonathan
Cook,Scott
Smith,Patrick
Mcgrath,Sophia
Freeman,Michelle
Cole,Dominic
Nielsen,Cheryl
Bauer,Laurie
Allen,Cody
Williams,Mary
Zuniga,Edward
Hardy,Wendy
Shah,Regina
Lewis,Angelica
Jones,Steven
Gonzales,Samantha
Chan,Edward
Tran,Daniel
Flores,Shannon
Bailey,Steve
Adams,Nicole
Lopez,Benjamin
Nguyen,Shannon
Cook,Donna
Williams,Edward
Armstrong,Jerry
Buck,Anthony
Riddle,Cheryl
Wang,Brenda
Huang,Ernest
Lopez,Adam
Porter,Ricardo
Howell,Barbara
Wiley,Jacqueline
Watts,Dustin
Johnson,Anthony
Roberts,Julie
Lawson,Heidi
Wilson,Tracy
Jackson,Hannah
Wagner,Angela
King,Alexander
Bullock,Aaron
Knox,John
Mendoza,Amanda
Mitchell,Amanda
Vargas,Donna
Hardy,Johnny
Mercer,Jessica
Rivera,Don
Gillespie,Christopher
Brown,Lisa
Morgan,Dean
Kelley,Dawn
Garrett,Jennifer
Thompson,Samuel
Schaefer,Lori
Hill,Micheal
Cunningham,Megan
Hurley,Carl
Espinoza,Lee
Gallegos,Gina
Parker,David
Hayden,Jacob
Bell,Daniel
Burke,Samuel
King,Briana
Carter,Andrea
Moreno,Robert
Anderson,Marcus
Gray,Melissa
Mccormick,Tiffany
Montgomery,Jeanne
Evans,Ashley
Bennett,Travis
Winters,Brenda
Gonzales,Jasmine
Kane,Christopher
White,Michelle
Cruz,John
Dyer,Jasmine
Clark,Vicki
Frazier,Kevin
Schneider,Cynthia
Le,Derek
Watson,Michael
Williams,Eduardo
Owens,Mason
Coleman,Tyler
Rubio,Jamie
Evans,Kayla
Cole,Melissa
Freeman,Haley
Hill,Christopher
Davis,John
Beasley,Sarah
Moore,Miranda
Anderson,Linda
Jones,Patricia
Dillon,Mario
Ortega,Stephen
Conner,Troy
Ellis,Paul
Stewart,Alfred
Montoya,Alexandra
Gonzales,Frank
Cummings,Robert
Gomez,William
Gardner,Olivia
Rosales,Sherri
Banks,Jerry
Stafford,Justin
Fisher,Lisa
Jimenez,Gail
Reyes,Ricardo
Hammond,Denise
Bell,David
Jones,Victor
Owens,Anthony
Wade,Andrew
Marks,Juan
Perry,Timothy
Bell,Troy
Steele,Victoria
Holmes,Haley
Silva,Jason
Delgado,Sherry
Reynolds,Kevin
Fitzgerald,Brandon
Walker,Andrew
Jones,Vanessa
Smith,Allison
Rowe,David
Gonzalez,Julie
Anderson,Megan
Diaz,Thomas
Manning,Bianca
Vazquez,Kimberly
Duncan,Colin
Campbell,James
Lane,Ryan
Potter,Angela
Mendez,David
White,Gordon
Olson,Donna
Powell,Joel
Guerra,Geoffrey
Smith,Andrew
Taylor,Joe
Williams,Russell
Yu,Ryan
Nelson,James
Mejia,Laura
Berry,Timothy
Ho,Ronnie
Aguilar,Matthew
Crosby,Angel
Carney,Amanda
Wright,Kevin
Sanders,Edward
Garcia,Scott
Lee,William
Chavez,Julia
Hancock,Julie
Sanchez,Jennifer
Brown,Regina
Hunter,Robert
Brown,Kenneth
Johnson,Willie
Henry,Elizabeth
Leon,Meagan
Moyer,Richard
Briggs,Heather
Pruitt,Dylan
Ellis,Christopher
Archer,Kyle
Hall,Jared
Wood,Walter
Nelson,Jason
Hodge,Aaron
Alexander,Robert
Garcia,Sarah
Scott,Michael
Wilson,Marissa
Rivera,Cody
Hampton,Mary
Hodges,James
Dunn,Erica
Ellison,Christine
Rodriguez,Thomas
Sawyer,Adam
Campbell,Tony
Buchanan,Robert
Parker,Victor
Boyer,Javier
Flores,Tracy
Hendrix,Christopher
Erickson,Chelsea
Clark,Jacqueline
Hamilton,Brenda
Jones,Andrew
Kim,Sergio
Andrade,Robert
Barrett,Debra
Harris,Shelly
Rogers,Katie
Cole,Heather
